{"cameraMode":{"drawMode":0,"name":"Shaded","section":"Shading Mode"},"sceneLighting":true,"audioPlay":false,"sceneViewState":{"showFog":true,"showMaterialUpdate":false,"showSkybox":true,"showFlares":true,"showImageEffects":true,"showParticleSystems":true,"showVisualEffectGraphs":true},"in2DMode":false,"pivot":{"x":242.4959716796875,"y":128.50181579589845,"z":1.998046875},"rotation":{"x":-0.05725833401083946,"y":-0.026356294751167299,"z":0.001512165181338787,"w":-0.9980104565620422},"size":471.3119201660156,"orthographic":false}